Data,Iteraciones,Eta,Funcion,Neuronas1,Neuronas2,Loss
2,12,1,1,2,5,0.6583333333333459
2,12,0.1,1,2,5,0.3280001439609672
2,12,1,1,2,2,0.6611098925268987
2,12,1,1,2,2,0.6611098925268987
2,12,1,1,2,3,0.6583346310181496
2,12,1,1,2,3,0.6583346310181496
2,12,1,1,2,3,0.6583346310181496
1,500,0.1,1,3,5,0.2966771523218335
1,50,0.1,1,2,3,0.2934422414696803
